{"data":{"rest":{"models":{"data":[{"id":"11","attributes":{"updatedAt":"2023-06-27T16:24:49.566Z","image":{"data":[{"attributes":{"url":"https://res.cloudinary.com/dsbvvpeqo/image/upload/v1687878262/2023_06_27_18_03_44_d546d1afba.jpg"}},{"attributes":{"url":"https://res.cloudinary.com/dsbvvpeqo/image/upload/v1687878262/2023_06_27_18_03_15_52db49c561.jpg"}},{"attributes":{"url":"https://res.cloudinary.com/dsbvvpeqo/image/upload/v1687878262/2023_06_27_18_03_40_46d2629daa.jpg"}}]},"name":"Тіна","localizations":{"data":[{"attributes":{"name":"Tina"}}]}}},{"id":"5","attributes":{"updatedAt":"2023-07-19T12:11:01.019Z","image":{"data":[{"attributes":{"url":"https://res.cloudinary.com/dsbvvpeqo/image/upload/v1686841265/2023_06_07_13_14_45_318bc93557.jpg"}},{"attributes":{"url":"https://res.cloudinary.com/dsbvvpeqo/image/upload/v1686841265/2023_06_07_13_14_29_f6f3550a43.jpg"}},{"attributes":{"url":"https://res.cloudinary.com/dsbvvpeqo/image/upload/v1686841265/2023_06_07_13_14_49_d9608be649.jpg"}}]},"name":"Лана","localizations":{"data":[{"attributes":{"name":"Lana"}}]}}},{"id":"13","attributes":{"updatedAt":"2023-08-21T12:49:58.229Z","image":{"data":[{"attributes":{"url":"https://res.cloudinary.com/dsbvvpeqo/image/upload/v1692622193/2023_08_21_15_48_59_bb9c197cee.jpg"}},{"attributes":{"url":"https://res.cloudinary.com/dsbvvpeqo/image/upload/v1692622193/2023_08_21_15_48_52_8c29547ae8.jpg"}},{"attributes":{"url":"https://res.cloudinary.com/dsbvvpeqo/image/upload/v1692622194/2023_08_21_15_49_04_ec53d2a929.jpg"}}]},"name":"Ніколь","localizations":{"data":[{"attributes":{"name":"Nikole"}}]}}},{"id":"1","attributes":{"updatedAt":"2023-08-21T13:19:36.393Z","image":{"data":[{"attributes":{"url":"https://res.cloudinary.com/dsbvvpeqo/image/upload/v1686748424/2023_06_01_15_26_05_c977f24ce6.jpg"}},{"attributes":{"url":"https://res.cloudinary.com/dsbvvpeqo/image/upload/v1686748424/2023_06_01_15_26_11_85beccdf79.jpg"}},{"attributes":{"url":"https://res.cloudinary.com/dsbvvpeqo/image/upload/v1686748425/2023_06_01_15_26_18_37cfb423ba.jpg"}},{"attributes":{"url":"https://res.cloudinary.com/dsbvvpeqo/image/upload/v1686748425/2023_06_01_15_26_15_25136c8183.jpg"}},{"attributes":{"url":"https://res.cloudinary.com/dsbvvpeqo/image/upload/v1686748425/2023_06_01_15_26_13_484eddca3a.jpg"}}]},"name":"Марго","localizations":{"data":[{"attributes":{"name":"Margo"}}]}}},{"id":"15","attributes":{"updatedAt":"2023-08-28T11:21:07.000Z","image":{"data":[{"attributes":{"url":"https://res.cloudinary.com/dsbvvpeqo/image/upload/v1693221663/2023_08_28_14_19_43_2864841064.jpg"}},{"attributes":{"url":"https://res.cloudinary.com/dsbvvpeqo/image/upload/v1693221663/2023_08_28_14_19_51_3009ab095d.jpg"}}]},"name":"Еліна","localizations":{"data":[{"attributes":{"name":"Elina"}}]}}},{"id":"17","attributes":{"updatedAt":"2023-09-26T10:51:50.633Z","image":{"data":[{"attributes":{"url":"https://res.cloudinary.com/dsbvvpeqo/image/upload/v1695725492/Mia1_8689dbba9f.jpg"}},{"attributes":{"url":"https://res.cloudinary.com/dsbvvpeqo/image/upload/v1695725492/Mia2_9979624e57.jpg"}},{"attributes":{"url":"https://res.cloudinary.com/dsbvvpeqo/image/upload/v1695725492/Mia3_4070b525aa.jpg"}},{"attributes":{"url":"https://res.cloudinary.com/dsbvvpeqo/image/upload/v1695725492/Mia4_21e9550bc4.jpg"}}]},"name":"Мія","localizations":{"data":[{"attributes":{"name":"Mia"}}]}}},{"id":"20","attributes":{"updatedAt":"2024-04-11T06:55:03.642Z","image":{"data":[{"attributes":{"url":"https://res.cloudinary.com/dsbvvpeqo/image/upload/v1712818446/Arina_masag1_413334a207.jpg"}},{"attributes":{"url":"https://res.cloudinary.com/dsbvvpeqo/image/upload/v1712818446/Arina_masag3_8fa37f5580.jpg"}},{"attributes":{"url":"https://res.cloudinary.com/dsbvvpeqo/image/upload/v1712818446/Arina_masag6_193fde252b.jpg"}},{"attributes":{"url":"https://res.cloudinary.com/dsbvvpeqo/image/upload/v1712818446/Arina_masag4_81f6e592d2.jpg"}},{"attributes":{"url":"https://res.cloudinary.com/dsbvvpeqo/image/upload/v1712818446/Arina_masag2_1cc24dffd6.jpg"}},{"attributes":{"url":"https://res.cloudinary.com/dsbvvpeqo/image/upload/v1712818424/Arina_masag5_f475de92ee.jpg"}}]},"name":"Аріна","localizations":{"data":[{"attributes":{"name":"Арина"}}]}}}]}}}}