{"data":{"rest":{"services":{"data":[{"id":"9","attributes":{"updatedAt":"2023-12-01T18:10:27.249Z","url":"massage-with-admin","title":"Масаж з адміністратором","text":"У Вас є унікальна можливість спробувати масаж у виконанні нашого чарівного\nадміністратора . Full програма з максимальним наповненнням до Вашої уваги.\nВ цю програму входять усі послуги нашого салону! Приємного Вам відпочинку!","category":"service","image":{"data":{"attributes":{"url":"https://res.cloudinary.com/dsbvvpeqo/image/upload/v1688898625/445566_aca2e2197e.jpg"}}},"localizations":{"data":[{"attributes":{"title":"Массаж с администратором","text":"У Вас есть уникальная возможность попробовать массаж в исполнении нашего очаровательного администратора. Full программа с максимальным наполнением Вашему вниманию.\nВ это приложение входят все услуги нашего салона! Приятного Вам отдыха!"}},{"attributes":{"title":"Massage with an administrator","text":"You have a unique opportunity to try a massage performed by our charming administrator. Full program with maximum content for your attention.\nThis program includes all services of our salon! Have a nice rest!"}}]}}},{"id":"3","attributes":{"updatedAt":"2023-12-01T17:50:09.825Z","url":"imperial","title":"Імператорський","text":"Найнасиченіша програма, яка не залишиться без\nвашої ваги. В цю програму входять усі доповнення , які є в переліку послуг.\nЯкщо Ви бажаєте отримати задоволення по максимуму, то це саме вибір для\nВас. Усі шоу програми, різні види релаксацій принесуть вам масу задоволення\nта тільки хороші емоції. Бажаємо Вам приємно провести час!\n\n\n","category":"service","image":{"data":{"attributes":{"url":"https://res.cloudinary.com/dsbvvpeqo/image/upload/v1692624211/2023_08_21_16_19_00_47cafbae78.jpg"}}},"localizations":{"data":[{"attributes":{"title":"Императорский","text":"Самая насыщенная программа, которая не останется без вашего веса. В эту программу входят все дополнения, доступные в списке услуг.\nЕсли Вы хотите получить удовольствие по максимуму, то это выбор для Вас. Все шоу программы, разные виды релаксаций принесут вам массу удовольствия и только хорошие эмоции. Желаем Вам приятно провести время!"}},{"attributes":{"title":"Imperial","text":"The most intense program that will not leave you without\nyour weight. This program includes all the add-ons that are in the list of services.\nIf you want to enjoy yourself to the maximum, then this is the right choice for you.\nfor you. All the shows of the program, different types of relaxation will bring you a lot of pleasure\nand only good emotions. We wish you a pleasant time!"}}]}}},{"id":"19","attributes":{"updatedAt":"2023-12-01T17:59:40.355Z","url":"aroma-massage","title":"Аромамасаж","text":"Цей ароматичний сеанс виконується спеціальною ароматичною свічкою, яка\nрозслабить Ваше тіло, а ефірні масла попіклуються про Вашу шкіру. Відчуйте\nвсю красу масажного блаженства в класичному його уявленні в душі.\n","category":"service","image":{"data":{"attributes":{"url":"https://res.cloudinary.com/dsbvvpeqo/image/upload/v1692624169/2023_08_21_16_18_55_dd0ea49539.jpg"}}},"localizations":{"data":[{"attributes":{"title":"Аромамасаж","text":"Этот ароматический сеанс выполняется специальной ароматической свечой, которая расслабит ваше тело, а эфирные масла позаботятся о вашей коже. Ощутите всю красоту массажного блаженства в классическом его представлении в душе."}},{"attributes":{"title":"Aroma massage","text":"This aromatic session is performed with a special aromatic candle, which will relax your body, and essential oils will take care of your skin. Experience all the beauty of massage bliss in its classic representation in the shower."}}]}}},{"id":"7","attributes":{"updatedAt":"2023-12-01T18:11:08.978Z","url":"night-of-pleasure","title":"Ніч насолоди","text":"Якщо Ви бажаєте провести незабутньо усю ніч то ця програма для Вас! Full\nнаповнення цієї програми буде Вам до смаку, адже сюди входить весь перелік\nпослуг які є у прайсі. Проведіть 10 годин насолоди та блаженства у компанії\nвишуканої красуні!","category":"service","image":{"data":{"attributes":{"url":"https://res.cloudinary.com/dsbvvpeqo/image/upload/v1688898790/1112412_bc7f03a28d.jpg"}}},"localizations":{"data":[{"attributes":{"title":"Ночь удовольствия","text":"Если Вы хотите провести незабываемо всю ночь, то эта программа для Bac! Full наполнение этой программы будет Вам по вкусу, ведь сюда входит весь список услуг, которые есть в прайсе. Проведите 10 часов удовольствия и блаженства в компании изысканной красавицы!"}},{"attributes":{"title":"A night of pleasure","text":"If you want to spend an unforgettable night, this program is for Bac! You will like the full content of this program, because it includes the entire list of services that are included in the price. Spend 10 hours of pleasure and bliss in the company of an exquisite beauty!"}}]}}},{"id":"5","attributes":{"updatedAt":"2023-12-01T18:13:28.579Z","url":"pink-cream-show","title":"Pink cream show","text":"Найсолодша програма в прямому та перенрсному сенсі цього слова. Солодкі\nвершки на тілі наших прекрасних дівчаток зведуть Вас з розуму. А пристрасне\nлесбі шоу залишиться на довго у вашій памяті. Гарячі леді чекають саме на Вас,\nтому не зволікайте та поспішайте у гості!\n","category":"service","image":{"data":{"attributes":{"url":"https://res.cloudinary.com/dsbvvpeqo/image/upload/v1692624150/2023_08_21_16_18_43_e763e582eb.jpg"}}},"localizations":{"data":[{"attributes":{"title":"Pink cream show","text":"Самая сладкая программа в прямом и переносном смысле этого слова. Сладкие сливки на теле наших прекрасных девочек сведут вас с ума. А страстное лесбие шоу останется на долго в вашей памяти. Горячие леди ждут именно Вас, поэтому не медлите и спешите в гости!"}},{"attributes":{"title":"Pink cream show","text":"The sweetest program in the literal and figurative sense of the word. The sweet cream on the body of our beautiful girls will drive you crazy. And the passionate lesbian show will remain in your memory for a long time. Hot ladies are waiting for you, so don't delay and hurry to visit!"}}]}}},{"id":"1","attributes":{"updatedAt":"2023-12-01T17:52:59.790Z","url":"royal","title":"Королівський","text":"Відчуйте себе королем, обравши саме цю програму. Максимально еротичне наповнення подарує Вам блаженство та насолоду, а умілі руки масажистки доведуть Вас до ейфорії. \n\n","category":"service","image":{"data":{"attributes":{"url":"https://res.cloudinary.com/dsbvvpeqo/image/upload/v1686841265/2023_06_07_13_14_29_f6f3550a43.jpg"}}},"localizations":{"data":[{"attributes":{"title":"Королевский","text":"Почувствуйте себя королем, выбрав эту программу. Максимально эротическое наполнение подарит Вам блаженство и удовольствие, а умелые руки массажистки доведут Вас до эйфории."}},{"attributes":{"title":"Royal","text":"Feel like a king by choosing this particular program. The maximum erotic filling will give you bliss and pleasure, and the skillful hands of the masseuse will bring you to euphoria."}}]}}},{"id":"21","attributes":{"updatedAt":"2023-12-01T17:58:48.315Z","url":"secret-desire","title":"Таємне бажання","text":"Ваші бажання - це наші старання для кожного гостя! Тому наші дівчатка найкращі у своїй справі. Найсолодші бажання загадуйте тут, тому що в цю програмку входить вражаючий десерт у вигляді шоу! Відчуйте всю насолоду на Вашому тілі з необмеженими розслабленнями та ласкавими поцілунками.\n\n\n","category":"service","image":{"data":{"attributes":{"url":"https://res.cloudinary.com/dsbvvpeqo/image/upload/v1686747633/2023_06_07_13_15_15_4bab509507.jpg"}}},"localizations":{"data":[{"attributes":{"title":"Тайное желание","text":"Ваши желания – это наши старания для каждого гостя! Поэтому наши девочки самые лучшие в своем деле. Самые сладкие желания загадывайте здесь, так как в эту программу входит впечатляющий десерт в виде шоу! Испытайте все наслаждение на Вашем теле с неограниченными расслаблениями и ласковыми поцелуями."}},{"attributes":{"title":"A secret desire","text":"Your wishes are our efforts for every guest! That is why our girls are the best in their field. Make your sweetest wishes here, because this program includes an impressive dessert in the form of a show! Feel all the pleasure on your body with unlimited relaxation and tender kisses."}}]}}},{"id":"15","attributes":{"updatedAt":"2023-12-01T18:04:03.790Z","url":"classic","title":"Класичний масаж","text":"Класичний масаж усього тіла чудово знімає втому, наслідки стресу, а також\nурізноманітнює сіру повсякденність. Під час боді масажу Ви можете забути про\nчас, повністю розслабитись та поринете в атмосферу покою та задоволення.\nПозбавтесь негативної енергії та обирайте цей вид масажу для релаксуючого\nвідпочинку.\n","category":"service","image":{"data":{"attributes":{"url":"https://res.cloudinary.com/dsbvvpeqo/image/upload/v1692624228/2023_08_21_16_19_03_10b14dee7b.jpg"}}},"localizations":{"data":[{"attributes":{"title":"Классический массаж","text":"Классический массаж всего тела прекрасно снимает усталость, последствия стресса, а также разнообразит серую повседневность. Во время боди массажа Вы можете забыть время, полностью расслабиться и погрузитесь в атмосферу покоя и удовольствия.\nИзбавьтесь от негативной энергии и выбирайте этот вид массажа для релаксирующего отдыха."}},{"attributes":{"title":"Classic massage","text":"Classic massage of the whole body perfectly relieves fatigue, the effects of stress, and also diversifies gray everyday life. During a body massage, you can forget about time, completely relax and immerse yourself in an atmosphere of peace and pleasure.\nGet rid of negative energy and choose this type of massage for a relaxing vacation."}}]}}},{"id":"25","attributes":{"updatedAt":"2023-12-01T17:55:04.917Z","url":"temptation","title":"Спокуса","text":"Ця програма подарує Вам ніжність та максимальне розслаблення Вашого тіла.\nВи відпочинете від буденності та поринете у світ задоволення. Максимально розслабляючий масаж, поцілунки та спільний душ принесуть неймовірні відчуття, а спокуслива дівчина заведе Вас по максимуму!\n\n","category":"service","image":{"data":{"attributes":{"url":"https://res.cloudinary.com/dsbvvpeqo/image/upload/v1688898734/66454_63b97bb852.jpg"}}},"localizations":{"data":[{"attributes":{"title":"Искушение","text":"Эта программа подарит Вам нежность и максимальное расслабление тела.\nВы отдохнете от обыденности и погрузитесь в мир удовольствия. Максимально расслабляющий массаж, поцелуи и общий душ принесут невероятные ощущения, а соблазнительная девушка заведет Вас по максимуму!"}},{"attributes":{"title":"Temptation","text":"This program will give you tenderness and maximum relaxation of your body.\nYou will take a break from everyday life and immerse yourself in the world of pleasure. The most relaxing massage, kisses and joint shower will bring incredible sensations, and the seductive girl will take you to the maximum!"}}]}}},{"id":"23","attributes":{"updatedAt":"2023-12-01T17:57:21.151Z","url":"spa-relax","title":"Spa relax","text":"Для любителів розкішного відпочинку та спа процедур ця програма буде по душі. Шампанське в поєднанні з розкішною дівчиною у джакузі подарує вам незабутні відчуття. Тільки у нашому закладі Ви отримаєте такий вид відпочинку.\nПоринайте разом з нами у світ задоволення!\n\nДля любителів розкішного відпочинку та спа процедур ця програма буде по\nдуші. Шампанське в поєднанні з розкішною дівчиною у джакузі подарує вам\nнезабутні відчуття. Тільки у нашому закладі Ви отримаєте такий вид відпочинку.\nПоринайте разом з нами у світ задоволення!\n","category":"service","image":{"data":{"attributes":{"url":"https://res.cloudinary.com/dsbvvpeqo/image/upload/v1692624061/spa_afbfcf0a32.jpg"}}},"localizations":{"data":[{"attributes":{"title":"Spa relax","text":"Для любителей роскошного отдыха и спа процедур это приложение будет по душе. Шампанское в сочетании с роскошной девушкой в джакузи подарит вам незабываемые ощущения. Только в нашем заведении Вы получите такой вид отдыха.\nПогружайтесь вместе с нами в мир удовольствия!"}},{"attributes":{"title":"Spa relax","text":"Lovers of luxurious rest and spa treatments will like this program. Champagne in combination with a luxurious girl in a jacuzzi will give you unforgettable sensations. Only in our institution you will get this type of rest.\nImmerse yourself in the world of fun with us!"}}]}}},{"id":"17","attributes":{"updatedAt":"2023-12-01T18:01:59.387Z","url":"faberge","title":"Фаберже","text":"\nЕксклюзивна програма нашого салону не залишить Вашу увагу в стороні. В цій\nпрограмі ми поєднали тільки найкраще саме для Вас! Техніка масажу тенго\nзанурить Вас у бурю емоцій, пристрасті та ніжності одночасно. Спробуйте нашу\nновинку та гарантуємо, Ви залишитесь у захваті.\n\n\n","category":"service","image":{"data":{"attributes":{"url":"https://res.cloudinary.com/dsbvvpeqo/image/upload/v1686747633/2023_06_07_13_15_15_4bab509507.jpg"}}},"localizations":{"data":[{"attributes":{"title":"Фаберже","text":"Эксклюзивная программа нашего салона не оставит Ваше внимание в стороне. В этой программе мы объединили только самое лучшее для Вас! Техника массажа тенго погрузит Вас в бурю эмоций, страсти и нежности одновременно. Попробуйте нашу новинку и гарантируем, Вы останетесь в восторге."}},{"attributes":{"title":"Fabergé","text":"The exclusive program of our salon will not leave your attention aside. In this program, we have combined only the best just for you! The tengo massage technique will immerse you in a storm of emotions, passion and tenderness at the same time. Try our new product and we guarantee you will be delighted."}}]}}},{"id":"13","attributes":{"updatedAt":"2023-12-01T18:09:47.075Z","url":"couple-massage","title":"Масаж для пари","text":"Запросіть свою леді на сеанс для двох… пориньте в інтимну атмосферу та ваші\nстосунки отримають пристрасть та нові емоції. Наша програма дозволить Вам\nкраще вивчити свою половинку та подарувати їй незабутні відчуття. Додайте\nтрішки перчинки у свої стосунки! Також Ви можете придбати подарунковий\nсертифікат для друзів на даний вид масажу.\n\n\n\n","category":"service","image":{"data":{"attributes":{"url":"https://res.cloudinary.com/dsbvvpeqo/image/upload/v1692624085/couples_4164a6122f.jpg"}}},"localizations":{"data":[{"attributes":{"title":"Массаж для пара","text":"Пригласите свою леди на сеанс для двоих... окунитесь в интимную атмосферу и ваши отношения получат страсть и новые эмоции. Наша программа позволит вам лучше изучить свою половинку и подарить ей незабываемые ощущения. Добавьте немного перчинки в свои отношения! Также Вы можете приобрести подарочный сертификат для друзей по данному виду массажа."}},{"attributes":{"title":"Massage for couples","text":"Invite your lady to a session for two... immerse yourself in an intimate atmosphere and your relationship will gain passion and new emotions. Our program will allow you to get to know your partner better and give her unforgettable sensations. Add a little spice to your relationship! You can also buy a gift certificate for friends for this type of massage."}}]}}},{"id":"40","attributes":{"updatedAt":"2024-04-10T13:07:43.936Z","url":"yoni","title":"Йоні","text":"Мета йоні-масажу – духовне задоволення, усвідомлення своєї сексуальності, самоповага, досягнення гармонії тіла і душі. Якщо в фіналі масажу Йоні жінка отримує оргазм – це прекрасний результат.\nЙоні необхідно спробувати кожній жінці, адже це відмінний спосіб зняти напруження і навіть стрес.\nВ студії масажу «Graff» цю програму виконує майстер з досвідом, випускник школи 18+\n\n***на дану програму можна прийти тільки за попереднім записом та предоплатою 500грн**","category":"service","image":{"data":{"attributes":{"url":"https://res.cloudinary.com/dsbvvpeqo/image/upload/v1712754308/massag_yoni_2a6a3f86fb.jpg"}}},"localizations":{"data":[{"attributes":{"title":"Yoni","text":"The goal of yoni massage is spiritual satisfaction, awareness of one's sexuality, self-respect, and achievement of harmony of body and soul. If a woman has an orgasm at the end of a Yoni massage, this is a great result.\nEvery woman should try Yoni because it is a great way to relieve tension and even stress.\nIn the massage studio \"Graff\" this program is performed by a master with experience, a graduate of the school 18+\n\n***this program is available only by appointment and prepayment of 500 UAH****."}},{"attributes":{"title":"Йони","text":"Цель йони-массажа - духовное удовлетворение, осознание своей сексуальности, самоуважение, достижение гармонии тела и души. Если в финале массажа Йони женщина получает оргазм - это прекрасный результат.\nЙони необходимо попробовать каждой женщине, ведь это отличный способ снять напряжение и даже стресс.\nВ студии массажа \"Graff\" эту программу выполняет мастер с опытом, выпускник школы 18+\n\n***на данную программу можно прийти только по предварительной записи и предоплате 500грн**"}}]}}},{"id":"43","attributes":{"updatedAt":"2024-05-13T11:44:58.283Z","url":"yoni-relax","title":"Йоні +relax","text":"Дана програма представляє собою масаж йоні та спільне спа- джакузі з майстром\n    \nМета йоні-масажу – духовне задоволення, усвідомлення своєї сексуальності, самоповага, досягнення гармонії тіла і душі. Якщо в фіналі масажу Йоні жінка отримує оргазм – це прекрасний результат.\nЙоні необхідно спробувати кожній жінці, адже це відмінний спосіб зняти напруження і навіть стрес.\nВ студії масажу «Graff» цю програму виконує майстер з досвідом, випускник школи 18+\n\n***на дану програму можна прийти тільки за попереднім записом та предоплатою 500грн**","category":"service","image":{"data":{"attributes":{"url":"https://res.cloudinary.com/dsbvvpeqo/image/upload/v1712754646/yoni_relax_massag_457b9b47f4.jpg"}}},"localizations":{"data":[{"attributes":{"title":"Йони +релакс","text":"Данная программа представляет собой массаж йони и совместное спа-джакузи с мастером  \n\nЦель йони-массажа - духовное удовлетворение, осознание своей сексуальности, самоуважение, достижение гармонии тела и души. Если в финале массажа Йони женщина получает оргазм - это прекрасный результат.\nЙони необходимо попробовать каждой женщине, ведь это отличный способ снять напряжение и даже стресс.\nВ студии массажа \"Graff\" эту программу выполняет мастер с опытом, выпускник школы 18+\n**\n*На данную программу можно прийти только по предварительной записи и предоплате 500грн**"}},{"attributes":{"title":"Yoni +relax","text":"This program is a yoni massage and a joint spa jacuzzi with a master\n  \nThe goal of yoni massage is spiritual satisfaction, awareness of one's sexuality, self-respect, and achievement of harmony of body and soul. If a woman has an orgasm at the end of a Yoni massage, it is a great result.\nEvery woman should try Yoni because it is a great way to relieve tension and even stress.\nIn the Graff massage studio, this program is performed by an experienced master, a graduate of the 18+ school\n\n***This program is available only by appointment and prepayment of 500 UAH**"}}]}}}]}}}}