{"data":{"rest":{"abouts":{"data":[{"id":"2","attributes":{"updatedAt":"2024-01-02T11:53:34.849Z","image":{"data":[{"attributes":{"url":"https://res.cloudinary.com/dsbvvpeqo/video/upload/v1692864541/graff_video_a4e9efe6d7.mp4"}}]},"localizations":{"data":[{"attributes":{"title":null,"text":"Добро пожаловать в новый, величайший салон эротического массажа в городе Львов «Graff»! Посетив нас вы почувствуете себя королем нашего графства и погрузитесь в эпоху средневековья. А с нашими мастерами вы проведете незабываемое время и получите только положительные эмоции и лучшее Специально для вас мы разработали лучшие программы, и независимо от того, какую вы выберете, будете довольны на все 100%.В нашем салоне вы себя почувствуете желаемым гостем и запомните этот отдых навсегда.Сделайте свои мечты и посетите нас! На ваш выбор самые красивые массажистки, которые вас ждут 24/7. Мы находимся за удобной локацией в центре города, поэтому рады вас видеть и ждем в гости! Гарантируем хорошее настроение и незабываемые ощущения эйфории!"}},{"attributes":{"title":"\"Graff\"","text":"Welcome to the new, grandest salon of erotic massage in the city of Lviv «Graff»! When you visit us, you will feel like the king of our county and immerse yourself in the Middle Ages. And with our craftsmen, you will spend an unforgettable time and get only positive emotions and the best rest. We have developed the best programs, especially for you, and regardless of which one you choose, you will be 100% satisfied. You will feel like a welcome guest in our salon and remember this vacation forever. Make your dreams come true and visit us! Your choice of the most beautiful masseuses waiting for you 24/7. We are conveniently located in the city center, so we are happy to see you and look forward to your visit! We guarantee a good mood and unforgettable feelings of euphoria!"}}]},"text":"Ласкаво просимо у новий, найвеличніший салон еротичного масажу у місті Львів «Graff»! Відвідавши нас ви відчуєте себе королем нашого графства та поринете в епоху середньовіччя. А з нашими майстринями ви проведете незабутній час та отримаєте лише позитивні емоції та найкращий відпочинок. Спеціально для вас ми розробили найкращі програми, та незалежно від того,яку ви оберете, будете задоволені на всі 100%. У нашому салоні ви себе відчуєте бажаним гостем та запам‘ятаєте цей відпочинок назавжди. Здійсніть свої мрії та завітайте до нас! На ваш вибір найгарніші масажистки, які вас чекають 24/7. Ми знаходимося за зручною локацією у центрі міста, тому раді вас бачити та чекаємо у гості! Гарантуємо гарний настрій та незабутні відчуття ейфорії! ","title":"\"Graff\""}}]}}}}