{"data":{"rest":{"prices":{"data":[{"attributes":{"title":"Аромамасаж","time3":null,"time2":null,"time1":"60min","girl3time3price":null,"girl2time2price":null,"girl2time1price":"4700","girl1time3price":null,"girl1time2price":null,"girl1time1price":"2700","localizations":{"data":[{"attributes":{"title":"Аромомассаж","time3":null,"time2":null,"time1":null,"girl3time3price":null,"girl2time2price":null,"girl2time1price":null,"girl1time3price":null,"girl1time2price":null,"girl1time1price":null,"updatedAt":"2023-09-04T09:00:24.730Z"}},{"attributes":{"title":"Aroma massage","time3":null,"time2":null,"time1":null,"girl3time3price":null,"girl2time2price":null,"girl2time1price":null,"girl1time3price":null,"girl1time2price":null,"girl1time1price":null,"updatedAt":"2023-09-04T09:00:23.881Z"}}]}},"id":"19"},{"attributes":{"title":"Масаж з адміністратором","time3":null,"time2":null,"time1":"60min","girl3time3price":null,"girl2time2price":null,"girl2time1price":null,"girl1time3price":null,"girl1time2price":null,"girl1time1price":"5000","localizations":{"data":[{"attributes":{"title":"Масаж с адміністратором","time3":null,"time2":null,"time1":null,"girl3time3price":null,"girl2time2price":null,"girl2time1price":null,"girl1time3price":null,"girl1time2price":null,"girl1time1price":null,"updatedAt":"2023-09-04T09:58:02.476Z"}},{"attributes":{"title":"Massage with an administrator","time3":null,"time2":null,"time1":null,"girl3time3price":null,"girl2time2price":null,"girl2time1price":null,"girl1time3price":null,"girl1time2price":null,"girl1time1price":null,"updatedAt":"2023-09-04T09:02:15.988Z"}}]}},"id":"9"},{"attributes":{"title":"Класичний масаж","time3":null,"time2":null,"time1":"60min","girl3time3price":null,"girl2time2price":null,"girl2time1price":"4000","girl1time3price":null,"girl1time2price":null,"girl1time1price":"2000","localizations":{"data":[{"attributes":{"title":"Классический массаж","time3":null,"time2":null,"time1":null,"girl3time3price":null,"girl2time2price":null,"girl2time1price":null,"girl1time3price":null,"girl1time2price":null,"girl1time1price":null,"updatedAt":"2023-09-04T09:01:19.289Z"}},{"attributes":{"title":"Classic massage","time3":null,"time2":null,"time1":null,"girl3time3price":null,"girl2time2price":null,"girl2time1price":null,"girl1time3price":null,"girl1time2price":null,"girl1time1price":null,"updatedAt":"2023-09-04T09:01:18.358Z"}}]}},"id":"15"},{"attributes":{"title":"Масаж для пари","time3":null,"time2":null,"time1":"90min","girl3time3price":null,"girl2time2price":null,"girl2time1price":"5000","girl1time3price":null,"girl1time2price":null,"girl1time1price":"-","localizations":{"data":[{"attributes":{"title":"Массаж для пар","time3":null,"time2":null,"time1":null,"girl3time3price":null,"girl2time2price":null,"girl2time1price":null,"girl1time3price":null,"girl1time2price":null,"girl1time1price":null,"updatedAt":"2023-09-04T09:02:00.331Z"}},{"attributes":{"title":"Massage for couples","time3":null,"time2":null,"time1":null,"girl3time3price":null,"girl2time2price":null,"girl2time1price":null,"girl1time3price":null,"girl1time2price":null,"girl1time1price":null,"updatedAt":"2023-09-04T09:01:58.799Z"}}]}},"id":"13"},{"attributes":{"title":"Spa relax","time3":null,"time2":"240min","time1":"120min","girl3time3price":null,"girl2time2price":"17000","girl2time1price":"10000","girl1time3price":null,"girl1time2price":"14000","girl1time1price":"7000","localizations":{"data":[{"attributes":{"title":"Spa relax","time3":null,"time2":null,"time1":null,"girl3time3price":null,"girl2time2price":null,"girl2time1price":null,"girl1time3price":null,"girl1time2price":null,"girl1time1price":null,"updatedAt":"2023-09-04T08:59:55.501Z"}},{"attributes":{"title":"Spa relax","time3":null,"time2":null,"time1":null,"girl3time3price":null,"girl2time2price":null,"girl2time1price":null,"girl1time3price":null,"girl1time2price":null,"girl1time1price":null,"updatedAt":"2023-09-04T08:59:54.622Z"}}]}},"id":"23"},{"attributes":{"title":"Імператорський","time3":"120min","time2":"90min","time1":"60min","girl3time3price":"8000","girl2time2price":"6500","girl2time1price":"5500","girl1time3price":"6000","girl1time2price":"4500","girl1time1price":"3500","localizations":{"data":[{"attributes":{"title":"Императорский","time3":null,"time2":null,"time1":null,"girl3time3price":null,"girl2time2price":null,"girl2time1price":null,"girl1time3price":null,"girl1time2price":null,"girl1time1price":null,"updatedAt":"2023-09-04T10:20:31.103Z"}},{"attributes":{"title":"Imperial","time3":null,"time2":null,"time1":null,"girl3time3price":null,"girl2time2price":null,"girl2time1price":null,"girl1time3price":null,"girl1time2price":null,"girl1time1price":null,"updatedAt":"2023-09-04T09:01:00.805Z"}}]}},"id":"3"},{"attributes":{"title":"Pink cream show","time3":null,"time2":null,"time1":"90min","girl3time3price":null,"girl2time2price":null,"girl2time1price":"5500","girl1time3price":null,"girl1time2price":null,"girl1time1price":null,"localizations":{"data":[{"attributes":{"title":"Pink cream show","time3":null,"time2":null,"time1":null,"girl3time3price":null,"girl2time2price":null,"girl2time1price":null,"girl1time3price":null,"girl1time2price":null,"girl1time1price":null,"updatedAt":"2023-09-04T08:59:40.686Z"}},{"attributes":{"title":"Pink cream show","time3":null,"time2":null,"time1":null,"girl3time3price":null,"girl2time2price":null,"girl2time1price":null,"girl1time3price":null,"girl1time2price":null,"girl1time1price":null,"updatedAt":"2023-09-04T08:59:39.782Z"}}]}},"id":"5"},{"attributes":{"title":"Ніч насолоди","time3":null,"time2":null,"time1":"10 hours","girl3time3price":null,"girl2time2price":null,"girl2time1price":null,"girl1time3price":null,"girl1time2price":null,"girl1time1price":"20000","localizations":{"data":[{"attributes":{"title":"Ночь удовольствия","time3":null,"time2":null,"time1":null,"girl3time3price":null,"girl2time2price":null,"girl2time1price":null,"girl1time3price":null,"girl1time2price":null,"girl1time1price":null,"updatedAt":"2023-09-04T09:02:33.258Z"}},{"attributes":{"title":"Night of pleasure","time3":null,"time2":null,"time1":null,"girl3time3price":null,"girl2time2price":null,"girl2time1price":null,"girl1time3price":null,"girl1time2price":null,"girl1time1price":null,"updatedAt":"2023-09-04T09:02:32.299Z"}}]}},"id":"7"},{"attributes":{"title":"Королівський","time3":"120min","time2":"90min","time1":"60min","girl3time3price":"7000","girl2time2price":"6000","girl2time1price":"5000","girl1time3price":"5000","girl1time2price":"4000","girl1time1price":"3000","localizations":{"data":[{"attributes":{"title":"Королевский","time3":null,"time2":null,"time1":null,"girl3time3price":null,"girl2time2price":null,"girl2time1price":null,"girl1time3price":null,"girl1time2price":null,"girl1time1price":null,"updatedAt":"2023-09-04T10:21:05.152Z"}},{"attributes":{"title":"Royal","time3":null,"time2":null,"time1":null,"girl3time3price":null,"girl2time2price":null,"girl2time1price":null,"girl1time3price":null,"girl1time2price":null,"girl1time1price":null,"updatedAt":"2023-09-04T09:01:33.210Z"}}]}},"id":"1"},{"attributes":{"title":"Спокуса","time3":null,"time2":null,"time1":"60min","girl3time3price":null,"girl2time2price":null,"girl2time1price":"4300","girl1time3price":null,"girl1time2price":null,"girl1time1price":"2300","localizations":{"data":[{"attributes":{"title":"Искушение","time3":null,"time2":null,"time1":null,"girl3time3price":null,"girl2time2price":null,"girl2time1price":null,"girl1time3price":null,"girl1time2price":null,"girl1time1price":null,"updatedAt":"2023-09-04T09:02:51.676Z"}},{"attributes":{"title":"Temptation","time3":null,"time2":null,"time1":null,"girl3time3price":null,"girl2time2price":null,"girl2time1price":null,"girl1time3price":null,"girl1time2price":null,"girl1time1price":null,"updatedAt":"2023-09-04T09:02:50.975Z"}}]}},"id":"25"},{"attributes":{"title":"Фаберже","time3":"120min","time2":null,"time1":"60min","girl3time3price":"7500","girl2time2price":null,"girl2time1price":"5000","girl1time3price":"5500","girl1time2price":null,"girl1time1price":"3000","localizations":{"data":[{"attributes":{"title":"Фаберже","time3":null,"time2":null,"time1":null,"girl3time3price":null,"girl2time2price":null,"girl2time1price":null,"girl1time3price":null,"girl1time2price":null,"girl1time1price":null,"updatedAt":"2023-09-04T09:03:27.294Z"}},{"attributes":{"title":"Fabergé","time3":null,"time2":null,"time1":null,"girl3time3price":null,"girl2time2price":null,"girl2time1price":null,"girl1time3price":null,"girl1time2price":null,"girl1time1price":null,"updatedAt":"2023-09-04T09:03:26.147Z"}}]}},"id":"17"},{"attributes":{"title":"Таємне бажання","time3":null,"time2":null,"time1":"60min","girl3time3price":null,"girl2time2price":null,"girl2time1price":"4800","girl1time3price":null,"girl1time2price":null,"girl1time1price":"2800","localizations":{"data":[{"attributes":{"title":"Тайное желание","time3":null,"time2":null,"time1":null,"girl3time3price":null,"girl2time2price":null,"girl2time1price":null,"girl1time3price":null,"girl1time2price":null,"girl1time1price":null,"updatedAt":"2023-09-04T09:03:08.498Z"}},{"attributes":{"title":"Secret desire","time3":null,"time2":null,"time1":null,"girl3time3price":null,"girl2time2price":null,"girl2time1price":null,"girl1time3price":null,"girl1time2price":null,"girl1time1price":null,"updatedAt":"2023-09-04T09:03:07.751Z"}}]}},"id":"21"},{"attributes":{"title":"Йоні","time3":null,"time2":null,"time1":"60min","girl3time3price":null,"girl2time2price":null,"girl2time1price":"6000","girl1time3price":null,"girl1time2price":null,"girl1time1price":"4000","localizations":{"data":[{"attributes":{"title":"Yoni","time3":null,"time2":null,"time1":"60min","girl3time3price":null,"girl2time2price":null,"girl2time1price":"6000","girl1time3price":null,"girl1time2price":null,"girl1time1price":"4000","updatedAt":"2024-04-11T15:38:48.962Z"}},{"attributes":{"title":"Йони","time3":null,"time2":null,"time1":"60min","girl3time3price":null,"girl2time2price":null,"girl2time1price":"6000","girl1time3price":null,"girl1time2price":null,"girl1time1price":"4000","updatedAt":"2024-04-11T15:38:53.371Z"}}]}},"id":"41"},{"attributes":{"title":"Йоні +spa","time3":null,"time2":null,"time1":"120min","girl3time3price":null,"girl2time2price":null,"girl2time1price":null,"girl1time3price":null,"girl1time2price":null,"girl1time1price":"7000","localizations":{"data":[{"attributes":{"title":"Йони +spa","time3":null,"time2":null,"time1":"120min","girl3time3price":null,"girl2time2price":null,"girl2time1price":null,"girl1time3price":null,"girl1time2price":null,"girl1time1price":"7000","updatedAt":"2024-04-11T15:39:05.697Z"}},{"attributes":{"title":"Yoni +spa","time3":null,"time2":null,"time1":"120min","girl3time3price":null,"girl2time2price":null,"girl2time1price":null,"girl1time3price":null,"girl1time2price":null,"girl1time1price":"7000","updatedAt":"2024-04-11T15:39:01.975Z"}}]}},"id":"44"},{"attributes":{"title":"НАСОЛОДА","time3":null,"time2":null,"time1":"30min","girl3time3price":null,"girl2time2price":null,"girl2time1price":"-","girl1time3price":null,"girl1time2price":null,"girl1time1price":"2000","localizations":{"data":[{"attributes":{"title":"НАСЛАЖДЕНИЕ","time3":null,"time2":null,"time1":"30min","girl3time3price":null,"girl2time2price":null,"girl2time1price":null,"girl1time3price":null,"girl1time2price":null,"girl1time1price":"2000","updatedAt":"2024-04-11T15:40:57.689Z"}},{"attributes":{"title":"SATISFACTION","time3":null,"time2":null,"time1":"30min","girl3time3price":null,"girl2time2price":null,"girl2time1price":null,"girl1time3price":null,"girl1time2price":null,"girl1time1price":"2000","updatedAt":"2024-04-11T15:40:56.595Z"}}]}},"id":"40"}]}}}}