{"data":{"rest":{"aboutMassages":{"data":[{"id":"38","attributes":{"description":null,"image":{"data":null},"localizations":{"data":[{"attributes":{"locale":"en","description":null,"title":null}}]},"url":"striptiz-dlya-muzhchin-lviv","title":null,"altForImage":null}},{"id":"40","attributes":{"description":null,"image":{"data":null},"localizations":{"data":[{"attributes":{"locale":"en","description":null,"title":null}}]},"url":"massazh-telom-dlya-muzhchin-lviv","title":null,"altForImage":null}},{"id":"34","attributes":{"description":null,"image":{"data":null},"localizations":{"data":[{"attributes":{"locale":"en","description":"new-2","title":"new-2"}}]},"url":"eroticheskiy-massazh-lviv","title":null,"altForImage":null}},{"id":"48","attributes":{"description":null,"image":{"data":null},"localizations":{"data":[{"attributes":{"locale":"en","description":null,"title":null}}]},"url":"erotychnyy-masazh-v-lvovi","title":null,"altForImage":null}},{"id":"54","attributes":{"description":null,"image":{"data":null},"localizations":{"data":[{"attributes":{"locale":"en","description":null,"title":null}}]},"url":"erotychnyy-masazh-lvovi","title":null,"altForImage":null}},{"id":"60","attributes":{"description":null,"image":{"data":null},"localizations":{"data":[{"attributes":{"locale":"en","description":null,"title":null}}]},"url":"masaz-erotyczny-graf-salon","title":null,"altForImage":null}},{"id":"64","attributes":{"description":null,"image":{"data":null},"localizations":{"data":[{"attributes":{"locale":"en","description":null,"title":null}}]},"url":"masaz-erotyc-lvovi-nasoloda-rozslablennya","title":null,"altForImage":null}},{"id":"66","attributes":{"description":null,"image":{"data":null},"localizations":{"data":[{"attributes":{"locale":"en","description":null,"title":null}}]},"url":"korzysci-z-masazu-erotycznego","title":null,"altForImage":null}},{"id":"68","attributes":{"description":null,"image":{"data":null},"localizations":{"data":[{"attributes":{"locale":"en","description":null,"title":null}}]},"url":"masaz-erotyczny-dla-mezczyzn-w-salonie","title":null,"altForImage":null}},{"id":"70","attributes":{"description":null,"image":{"data":null},"localizations":{"data":[{"attributes":{"locale":"en","description":null,"title":null}}]},"url":"eroticheskiy-massazh-lviv-vid-divchini","title":null,"altForImage":null}},{"id":"72","attributes":{"description":null,"image":{"data":null},"localizations":{"data":[{"attributes":{"locale":"en","description":null,"title":null}}]},"url":"eroticheskiy-massazh-lviv-eto-salon-graf","title":null,"altForImage":null}},{"id":"76","attributes":{"description":null,"image":{"data":null},"localizations":{"data":[{"attributes":{"locale":"en","description":null,"title":null}}]},"url":"striptiz-dlya-muzhchin-lviv  ","title":null,"altForImage":null}},{"id":"58","attributes":{"description":"Відчуйте неперевершену насолоду від еротичного масажу у Львові","image":{"data":{"attributes":{"url":"https://res.cloudinary.com/dsbvvpeqo/image/upload/v1706541723/nikol01555_155558b3b8.jpg"}}},"localizations":{"data":[{"attributes":{"locale":"en","description":"Feel the unsurpassed pleasure of erotic massage in Lviv","title":"Feel the unsurpassed pleasure of erotic massage: Benefits, Types and Recommendations"}}]},"url":"masaz-erotyczny-u-lvovi","title":"Відчуйте неперевершену насолоду від еротичного масажу : Користі, Види та Рекомендації","altForImage":null}},{"id":"128","attributes":{"description":null,"image":{"data":null},"localizations":{"data":[{"attributes":{"locale":"en","description":null,"title":null}}]},"url":"erotychnyy-massazh-dlya-cholovikiv-u-saloni-elita-lviv","title":null,"altForImage":null}},{"id":"74","attributes":{"description":null,"image":{"data":null},"localizations":{"data":[{"attributes":{"locale":"en","description":null,"title":null}}]},"url":"preimushchestva-eroticheskogo-massazha-vo-lvove","title":null,"altForImage":null}},{"id":"106","attributes":{"description":null,"image":{"data":null},"localizations":{"data":[{"attributes":{"locale":"en","description":null,"title":null}}]},"url":"masaz-erotyczny-dla-mezczyzn-w-salonie-graf-lviv","title":null,"altForImage":null}},{"id":"80","attributes":{"description":null,"image":{"data":null},"localizations":{"data":[{"attributes":{"locale":"en","description":null,"title":null}}]},"url":"erotik-massazh-vo-lvove","title":null,"altForImage":null}},{"id":"82","attributes":{"description":null,"image":{"data":null},"localizations":{"data":[{"attributes":{"locale":"en","description":null,"title":null}}]},"url":"polza-eroticheskogo-massazha-v-lvove","title":null,"altForImage":null}},{"id":"84","attributes":{"description":null,"image":{"data":null},"localizations":{"data":[{"attributes":{"locale":"en","description":null,"title":null}}]},"url":"eroticheskiy-massazh-dlya-muzhchin-v-salone-graf-lviv  ","title":null,"altForImage":null}},{"id":"86","attributes":{"description":null,"image":{"data":null},"localizations":{"data":[{"attributes":{"locale":"en","description":null,"title":null}}]},"url":"erotychnyy-masazh-u-lvovi","title":null,"altForImage":null}},{"id":"88","attributes":{"description":null,"image":{"data":null},"localizations":{"data":[{"attributes":{"locale":"en","description":null,"title":null}}]},"url":"koryst-erotychnogo-massazhu-u-lvovi","title":null,"altForImage":null}},{"id":"108","attributes":{"description":null,"image":{"data":null},"localizations":{"data":[{"attributes":{"locale":"en","description":null,"title":null}}]},"url":"eroticheskiy-massazh-lvov","title":null,"altForImage":null}},{"id":"90","attributes":{"description":null,"image":{"data":null},"localizations":{"data":[{"attributes":{"locale":"en","description":null,"title":null}}]},"url":"erotychnyy-massazh-dlya-cholovikiv-u-saloni-graf-lviv","title":null,"altForImage":null}},{"id":"92","attributes":{"description":null,"image":{"data":null},"localizations":{"data":[{"attributes":{"locale":"en","description":null,"title":null}}]},"url":"erotychnyy-massazh-misto-lviv","title":null,"altForImage":null}},{"id":"94","attributes":{"description":null,"image":{"data":null},"localizations":{"data":[{"attributes":{"locale":"en","description":null,"title":null}}]},"url":"erotychnyy-massazh-lviv-ce-salon-graf","title":null,"altForImage":null}},{"id":"96","attributes":{"description":null,"image":{"data":null},"localizations":{"data":[{"attributes":{"locale":"en","description":null,"title":null}}]},"url":"masaz-erotyczny-lviv","title":null,"altForImage":null}},{"id":"98","attributes":{"description":null,"image":{"data":null},"localizations":{"data":[{"attributes":{"locale":"en","description":null,"title":null}}]},"url":"masaz-erotyczny-w-salonie-graf-lviv","title":null,"altForImage":null}},{"id":"110","attributes":{"description":null,"image":{"data":null},"localizations":{"data":[{"attributes":{"locale":"en","description":null,"title":null}}]},"url":"eroticheskiy-massazh-lvov-eto-salon-elita ","title":null,"altForImage":null}},{"id":"100","attributes":{"description":null,"image":{"data":null},"localizations":{"data":[{"attributes":{"locale":"en","description":null,"title":null}}]},"url":"masaz-erotyczny-lviv-salon-graf","title":null,"altForImage":null}},{"id":"102","attributes":{"description":null,"image":{"data":null},"localizations":{"data":[{"attributes":{"locale":"en","description":null,"title":null}}]},"url":"masaz-erotyczny-vo-lvove ","title":null,"altForImage":null}},{"id":"104","attributes":{"description":null,"image":{"data":null},"localizations":{"data":[{"attributes":{"locale":"en","description":null,"title":null}}]},"url":"korzysci-z-masazu-erotycznego-vo-lvove","title":null,"altForImage":null}},{"id":"124","attributes":{"description":null,"image":{"data":null},"localizations":{"data":[{"attributes":{"locale":"en","description":null,"title":null}}]},"url":"erotychnyy-masazh-lviv","title":null,"altForImage":null}},{"id":"112","attributes":{"description":null,"image":{"data":null},"localizations":{"data":[{"attributes":{"locale":"en","description":null,"title":null}}]},"url":"preimushchestva-eroticheskogo-massazha-v-lvove","title":null,"altForImage":null}},{"id":"114","attributes":{"description":null,"image":{"data":null},"localizations":{"data":[{"attributes":{"locale":"en","description":null,"title":null}}]},"url":"striptiz-dlya-muzhchin-vo-lvove","title":null,"altForImage":null}},{"id":"116","attributes":{"description":null,"image":{"data":null},"localizations":{"data":[{"attributes":{"locale":"en","description":null,"title":null}}]},"url":"massazh-telom-dlya-muzhchin-lvov","title":null,"altForImage":null}},{"id":"118","attributes":{"description":null,"image":{"data":null},"localizations":{"data":[{"attributes":{"locale":"en","description":null,"title":null}}]},"url":"erotik-massazh-lvov","title":null,"altForImage":null}},{"id":"120","attributes":{"description":null,"image":{"data":null},"localizations":{"data":[{"attributes":{"locale":"en","description":null,"title":null}}]},"url":"polza-eroticheskogo-massazha-vo-lvove","title":null,"altForImage":null}},{"id":"126","attributes":{"description":null,"image":{"data":null},"localizations":{"data":[{"attributes":{"locale":"en","description":null,"title":null}}]},"url":"koryst-erotychnogo-massazhu-lviv","title":null,"altForImage":null}},{"id":"122","attributes":{"description":null,"image":{"data":null},"localizations":{"data":[{"attributes":{"locale":"en","description":null,"title":null}}]},"url":"eroticheskiy-massazh-dlya-muzhchin-v-salone-elita-lvov","title":null,"altForImage":null}},{"id":"42","attributes":{"description":"\n","image":{"data":{"attributes":{"url":"https://res.cloudinary.com/dsbvvpeqo/image/upload/v1692950282/erotik_masag_lviv_divchina_44e9b1bef9.jpg"}}},"localizations":{"data":[{"attributes":{"locale":"en","description":null,"title":"Erotic massage for men in the salon: how to get maximum pleasure"}}]},"url":"erotik-massazh-lviv","title":"Еротичний масаж для чоловіків у салоні: як отримати максимальне задоволення","altForImage":"Еротичний масаж від жінки"}},{"id":"7","attributes":{"description":null,"image":{"data":{"attributes":{"url":"https://res.cloudinary.com/dsbvvpeqo/image/upload/v1692950282/erotik_masag_lviv_2e1dbaae7c.jpg"}}},"localizations":{"data":[{"attributes":{"locale":"en","description":null,"title":"Erotic massage for men in the salon - perfect relaxation and pleasure"}}]},"url":"eroticheskii-massazh-dlia-muzhchin-v-salone","title":"Еротичний масаж для чоловіків у салоні - ідеальне розслаблення та задоволення","altForImage":"Еротичний масаж чоловікові"}},{"id":"5","attributes":{"description":null,"image":{"data":{"attributes":{"url":"https://res.cloudinary.com/dsbvvpeqo/image/upload/v1692950283/erotik_masag_v_lviv_02ed4174e5.jpg"}}},"localizations":{"data":[{"attributes":{"locale":"en","description":"new","title":"Temptation relaxation and enjoyment of massage"}}]},"url":"new","title":"Спокуса релаксація та насолода від масажу","altForImage":"Спокуса релаксація та насолода від масажу"}},{"id":"56","attributes":{"description":null,"image":{"data":{"attributes":{"url":"https://res.cloudinary.com/dsbvvpeqo/image/upload/v1692950282/erotik_masag_lviv_krasivo_f92a1e48c8.jpg"}}},"localizations":{"data":[{"attributes":{"locale":"en","description":null,"title":"This code is not currently applicable in your country."}}]},"url":"erotychnyy-masazh-lvovi-ce-salon-eegoyist","title":"Еротичний масаж для чоловіка-егоїста: Насолоджуйтесь і навчіться дарувати","altForImage":"Еротичний масаж для чоловіка егоїст"}},{"id":"44","attributes":{"description":null,"image":{"data":{"attributes":{"url":"https://res.cloudinary.com/dsbvvpeqo/image/upload/v1692950283/erotik_masag_lvovi_8aead96c89.jpg"}}},"localizations":{"data":[{"attributes":{"locale":"en","description":null,"title":"Types of erotic massage: Overview of sensual techniques and relaxation methods"}}]},"url":"polza-eroticheskogo-massazha","title":"Види еротичного масажу: Огляд сенсуальних технік та релаксаційних методів","altForImage":"Види еротичного масажу"}},{"id":"8","attributes":{"description":"Масажний салон у Львові","image":{"data":{"attributes":{"url":"https://res.cloudinary.com/dsbvvpeqo/image/upload/v1692950282/erotik_masag_lviv_super_95852bb102.jpg"}}},"localizations":{"data":[{"attributes":{"locale":"ru","description":null,"title":"Полезность от Эротического массажа для мужчины: Физическая и эмоциональная гармония"}},{"attributes":{"locale":"en","description":"Massage salon in Lviv","title":"Benefits of Erotic massage for men: Physical and emotional harmony"}}]},"url":"masag-u-lvovi","title":"Користь від Еротичного масажу для чоловіка: Фізична та емоційна гармонія","altForImage":"Користь від Еротичного масажу для чоловіка"}},{"id":"46","attributes":{"description":null,"image":{"data":{"attributes":{"url":"https://res.cloudinary.com/dsbvvpeqo/image/upload/v1700121720/nikol16_11_2370584778.jpg"}}},"localizations":{"data":[{"attributes":{"locale":"ru","description":null,"title":"Эротический массаж для мужчин в салоне удовольствие: техники и преимущества"}},{"attributes":{"locale":"en","description":null,"title":"Erotic massage for men in the pleasure salon: techniques and benefits"}}]},"url":"eroticheskiy-massazh-dlya-muzhchin-v-salone-nasoloda","title":"Еротичний масаж для чоловіків в салоні насолода: техніки та переваги","altForImage":"Еротичний масаж для чоловіків в салоні Львів"}},{"id":"50","attributes":{"description":null,"image":{"data":{"attributes":{"url":"https://res.cloudinary.com/dsbvvpeqo/image/upload/v1692950282/erotik_masag_lviv_krasa_15253384c8.jpg"}}},"localizations":{"data":[{"attributes":{"locale":"en","description":null,"title":"Erotic massage is good for men: Discover heaven on earth on the path of pleasure"}}]},"url":"koryst-erotychnogo-masazhu","title":"Еротичний масаж для чоловіка корисний: Відкрийте рай на землі на шляху насолоди","altForImage":"Райський масаж у Львові"}},{"id":"52","attributes":{"description":null,"image":{"data":{"attributes":{"url":"https://res.cloudinary.com/dsbvvpeqo/image/upload/v1692950282/erotik_masag_lviv_divchina_44e9b1bef9.jpg"}}},"localizations":{"data":[{"attributes":{"locale":"en","description":null,"title":"The best erotic massage salon in Lviv: Where to find unforgettable pleasure"}}]},"url":"erotychnyy-masazh-dlya-cholovikiv-u-saloni-nasoloda-rozslablennya","title":"Найкращий салон еротичного масажу Львів: Де знаходити незабутню насолоду","altForImage":"Найкащий салон масажу для чоловіка у Львові"}},{"id":"62","attributes":{"description":null,"image":{"data":null},"localizations":{"data":[{"attributes":{"locale":"en","description":null,"title":null}}]},"url":"masaz-erotyczny-lviv-salon-graff","title":null,"altForImage":null}},{"id":"36","attributes":{"description":"Техніка еротичного масажу: Стимуляція і релакс для незабутнього насолоди у Львові","image":{"data":{"attributes":{"url":"https://res.cloudinary.com/dsbvvpeqo/image/upload/v1692950283/erotik_masag_lviv_svitlo_b5a0e64130.jpg"}}},"localizations":{"data":[{"attributes":{"locale":"en","description":null,"title":"Erotic massage technique: Stimulation and relaxation for unforgettable pleasure"}}]},"url":"preimushchestva-eroticheskogo-massazha","title":"Техніка еротичного масажу: Стимуляція і релакс для незабутнього насолоди","altForImage":"Техніка еротичного масажу у Львові"}},{"id":"78","attributes":{"description":"Відновлювальний еротичний масаж SPA для спортсменів у Львові - відчуйте еротичне задоволення","image":{"data":{"attributes":{"url":"https://res.cloudinary.com/dsbvvpeqo/image/upload/v1712818424/Arina_masag5_f475de92ee.jpg"}}},"localizations":{"data":[{"attributes":{"locale":"en","description":"Restorative erotic massage SPA for athletes in Lviv - feel the erotic pleasure","title":"Restorative erotic massage SPA for athletes in Lviv: feel professional relief"}}]},"url":"massazh-telom-dlya-muzhchin-v-lvovskoy-oblasti","title":"Відновлювальний еротичний масаж SPA для спортсменів у Львові: відчуйте професійне полегшення","altForImage":"Відновлювальний еротичний масаж SPA для спортсменів у Львові"}}]}}}}