{"data":{"rest":{"interiers":{"data":[{"attributes":{"image":{"data":[{"attributes":{"url":"https://res.cloudinary.com/dsbvvpeqo/image/upload/v1689764097/interer05_8bbc87d7bb.jpg"}},{"attributes":{"url":"https://res.cloudinary.com/dsbvvpeqo/image/upload/v1689765586/interer06_2_1da05e0911.jpg"}},{"attributes":{"url":"https://res.cloudinary.com/dsbvvpeqo/image/upload/v1690561782/interer_03_05333f56f9.jpg"}},{"attributes":{"url":"https://res.cloudinary.com/dsbvvpeqo/image/upload/v1690561782/interer_01_40f43a1372.jpg"}},{"attributes":{"url":"https://res.cloudinary.com/dsbvvpeqo/image/upload/v1690561782/interer_04_e06c3918ef.jpg"}},{"attributes":{"url":"https://res.cloudinary.com/dsbvvpeqo/image/upload/v1690561782/interer_06_bf21471681.jpg"}},{"attributes":{"url":"https://res.cloudinary.com/dsbvvpeqo/image/upload/v1690561783/interer_07_0cbcb7eca2.jpg"}},{"attributes":{"url":"https://res.cloudinary.com/dsbvvpeqo/image/upload/v1690561784/interer_08_3e208390c5.jpg"}},{"attributes":{"url":"https://res.cloudinary.com/dsbvvpeqo/image/upload/v1690561784/interer_09_b8a28a8c22.jpg"}},{"attributes":{"url":"https://res.cloudinary.com/dsbvvpeqo/image/upload/v1690561782/interer_05_834fb78117.jpg"}}]}}}]}}}}