{"app":["/app-53aff37d79e2e84b0345.js"],"component---src-pages-404-js":["/component---src-pages-404-js-2f908d5e66d0d7cd3fe6.js"],"component---src-pages-about-massages-js":["/component---src-pages-about-massages-js-9e398c825ad5d825ff0b.js"],"component---src-pages-index-js":["/component---src-pages-index-js-de674e9f6dc529e58954.js"],"component---src-templates-single-about-massages-card-js":["/component---src-templates-single-about-massages-card-js-e236fa4598fe1b99df70.js"],"component---src-templates-single-service-js":["/component---src-templates-single-service-js-336ebfd54dcea5da2018.js"]}