{"name":"build-javascript","namedChunkGroups":{"app":{"name":"app","assets":[{"name":"webpack-runtime-bb045c971db722668d4f.js","size":4522},{"name":"styles.c65e04e01eef64073ba6.css","size":140166},{"name":"framework-7932c5b38ddc0f4366da.js","size":141400},{"name":"app-53aff37d79e2e84b0345.js","size":81796}],"filteredAssets":0,"assetsSize":367884,"filteredAuxiliaryAssets":11,"auxiliaryAssetsSize":1622163},"component---src-pages-404-js":{"name":"component---src-pages-404-js","assets":[{"name":"component---src-pages-404-js-2f908d5e66d0d7cd3fe6.js","size":762}],"filteredAssets":0,"assetsSize":762,"filteredAuxiliaryAssets":1,"auxiliaryAssetsSize":1946},"component---src-pages-about-massages-js":{"name":"component---src-pages-about-massages-js","assets":[{"name":"styles.c65e04e01eef64073ba6.css","size":140166},{"name":"bc74bf6099397bd194ac27a708df5317418f3550-5c683b7a7abbc792c8ed.js","size":22274},{"name":"0c4e176a3f54e055fe7da371c26312b1670445ee-47ef7b8fb94f34323d90.js","size":95894},{"name":"component---src-pages-about-massages-js-9e398c825ad5d825ff0b.js","size":3299}],"filteredAssets":0,"assetsSize":261633,"filteredAuxiliaryAssets":12,"auxiliaryAssetsSize":1368209},"component---src-pages-index-js":{"name":"component---src-pages-index-js","assets":[{"name":"styles.c65e04e01eef64073ba6.css","size":140166},{"name":"bc74bf6099397bd194ac27a708df5317418f3550-5c683b7a7abbc792c8ed.js","size":22274},{"name":"0c4e176a3f54e055fe7da371c26312b1670445ee-47ef7b8fb94f34323d90.js","size":95894},{"name":"component---src-pages-index-js-de674e9f6dc529e58954.js","size":2429}],"filteredAssets":0,"assetsSize":260763,"filteredAuxiliaryAssets":12,"auxiliaryAssetsSize":1364896},"component---src-templates-single-about-massages-card-js":{"name":"component---src-templates-single-about-massages-card-js","assets":[{"name":"styles.c65e04e01eef64073ba6.css","size":140166},{"name":"bc74bf6099397bd194ac27a708df5317418f3550-5c683b7a7abbc792c8ed.js","size":22274},{"name":"a15ab071c44ee4b96437bcfea13ac81e292e3a76-58f7b6cc1b30867add4c.js","size":27975},{"name":"component---src-templates-single-about-massages-card-js-e236fa4598fe1b99df70.js","size":6231}],"filteredAssets":0,"assetsSize":196646,"filteredAuxiliaryAssets":11,"auxiliaryAssetsSize":1154043},"component---src-templates-single-service-js":{"name":"component---src-templates-single-service-js","assets":[{"name":"styles.c65e04e01eef64073ba6.css","size":140166},{"name":"bc74bf6099397bd194ac27a708df5317418f3550-5c683b7a7abbc792c8ed.js","size":22274},{"name":"a15ab071c44ee4b96437bcfea13ac81e292e3a76-58f7b6cc1b30867add4c.js","size":27975},{"name":"component---src-templates-single-service-js-336ebfd54dcea5da2018.js","size":9439}],"filteredAssets":0,"assetsSize":199854,"filteredAuxiliaryAssets":11,"auxiliaryAssetsSize":1163505}},"assetsByChunkName":{"app":["webpack-runtime-bb045c971db722668d4f.js","styles.c65e04e01eef64073ba6.css","framework-7932c5b38ddc0f4366da.js","app-53aff37d79e2e84b0345.js"],"component---src-pages-404-js":["component---src-pages-404-js-2f908d5e66d0d7cd3fe6.js"],"component---src-pages-about-massages-js":["styles.c65e04e01eef64073ba6.css","bc74bf6099397bd194ac27a708df5317418f3550-5c683b7a7abbc792c8ed.js","0c4e176a3f54e055fe7da371c26312b1670445ee-47ef7b8fb94f34323d90.js","component---src-pages-about-massages-js-9e398c825ad5d825ff0b.js"],"component---src-pages-index-js":["styles.c65e04e01eef64073ba6.css","bc74bf6099397bd194ac27a708df5317418f3550-5c683b7a7abbc792c8ed.js","0c4e176a3f54e055fe7da371c26312b1670445ee-47ef7b8fb94f34323d90.js","component---src-pages-index-js-de674e9f6dc529e58954.js"],"component---src-templates-single-about-massages-card-js":["styles.c65e04e01eef64073ba6.css","bc74bf6099397bd194ac27a708df5317418f3550-5c683b7a7abbc792c8ed.js","a15ab071c44ee4b96437bcfea13ac81e292e3a76-58f7b6cc1b30867add4c.js","component---src-templates-single-about-massages-card-js-e236fa4598fe1b99df70.js"],"component---src-templates-single-service-js":["styles.c65e04e01eef64073ba6.css","bc74bf6099397bd194ac27a708df5317418f3550-5c683b7a7abbc792c8ed.js","a15ab071c44ee4b96437bcfea13ac81e292e3a76-58f7b6cc1b30867add4c.js","component---src-templates-single-service-js-336ebfd54dcea5da2018.js"]},"childAssetsByChunkName":{}}